日期,標題,連結,推文數,作者
 4/11,[資訊] 樂桃國際線優惠活動 (台灣出發),/bbs/Japan_Travel/M.1712801716.A.5D0.html,3,yhls
 4/11,[問題] 請問trip買機票?,/bbs/Japan_Travel/M.1712801959.A.5CA.html,7,winogu
 4/11,Re: [問題] 東北櫻花景點現況,/bbs/Japan_Travel/M.1712802361.A.D58.html,4,eiolld
 4/11,[資訊] 台灣虎航 春季線上旅展 (現場不售票),/bbs/Japan_Travel/M.1712802868.A.100.html,3,yhls
 4/11,[遊記] 廣島-和平紀念公園 人生必去的景點之一,/bbs/Japan_Travel/M.1712805204.A.94E.html,6,kevin9382
 4/11,[遊記] 京都岡山廣島11天自由行(岡山廣島篇),/bbs/Japan_Travel/M.1712805918.A.731.html,1,cadence
 4/11,[問題] 請問自駕車速,/bbs/Japan_Travel/M.1712806165.A.8F8.html,22,sqe123456z
 4/11,[問題] 9月底岡山還是福岡？,/bbs/Japan_Travel/M.1712806723.A.223.html,16,shenshenlo
 4/11,[問題] 想找烏丸御池三条附近有賣提燈的燒鳥推薦,/bbs/Japan_Travel/M.1712807071.A.FBE.html,0,yvnne1616
 4/11,[住宿] 札幌 Via Inn Prime 狸小路內的新開飯店,/bbs/Japan_Travel/M.1712809020.A.F98.html,0,cheauwong
 4/11,[問題] 大煩惱，有請資深日本通建議,/bbs/Japan_Travel/M.1712810557.A.377.html,-10,windancing
 4/02,[公告] 113.04 實況回報 (含天氣/物候/穿著詢問),/bbs/Japan_Travel/M.1711992718.A.F6B.html,99,sinohara
 4/10,[問題] 富士回遊乘坐及購票問題,/bbs/Japan_Travel/M.1712762389.A.69C.html,3,sherryjeng
 4/10,[問題] 雷到不推或不再訪的景點(或店家),/bbs/Japan_Travel/M.1712764019.A.D34.html,99,iori9100
 4/10,[問題] 名古屋8天7夜行程請益,/bbs/Japan_Travel/M.1712764765.A.A24.html,5,k960674
 4/11,[遊記] 仙台亂亂行 Day1 機場/車站/牛舌小徑,/bbs/Japan_Travel/M.1712765344.A.8E4.html,1,eiolld
 4/11,[讓售] 大阪地鐵巴士2日乘車券(實體票),/bbs/Japan_Travel/M.1712766537.A.0ED.html,0,tofu13
 4/11,[資訊] 機場置物櫃使用提醒,/bbs/Japan_Travel/M.1712769027.A.352.html,4,wolana
 4/11,[問題] 富士山五合目,/bbs/Japan_Travel/M.1712774977.A.63B.html,1,newknight913
 4/11,[食記] 敘敘苑燒肉(上野丸井店),/bbs/Japan_Travel/M.1712775816.A.535.html,1,saymyname
 4/11,Re: [問題] 白川鄉濃飛巴士（未事先訂票）,/bbs/Japan_Travel/M.1712791775.A.1AF.html,0,asahi98
 4/11,[問題] 札幌住宿選擇（內有選手）,/bbs/Japan_Travel/M.1712793570.A.9D0.html,4,jessie21
 4/11,[問題] 15日北陸、富士五湖行程請益(名古屋進出),/bbs/Japan_Travel/M.1712797056.A.6BA.html,0,chun10396974
 4/11,[問題] 請問札幌在哪裡換日幣匯率比較好？,/bbs/Japan_Travel/M.1712797108.A.808.html,0,lobster1688
 4/11,[問題] 日清泡麵 醬油、咖哩 可以帶回台灣嗎,/bbs/Japan_Travel/M.1712797515.A.A39.html,30,benny0906
 4/11,[資訊] 20240411匯率,/bbs/Japan_Travel/M.1712797658.A.02B.html,8,zorgYen
 4/11,[問題]有老有小，關西自由行景點建議,/bbs/Japan_Travel/M.1712798405.A.4F1.html,4,aquawawa
 4/11,[贈送] はるかKIX→大阪單程車票兌換（即期）,/bbs/Japan_Travel/M.1712799685.A.5A9.html,0,UncleRed
 4/11,[問題] 今年還有人能用smart talk撥打電話嗎,/bbs/Japan_Travel/M.1712801325.A.9FD.html,4,setsuna16
 4/11,Re: [問題] 日清泡麵 醬油、咖哩 可以帶回台灣嗎,/bbs/Japan_Travel/M.1712801334.A.10A.html,8,hotanger
 4/10,[食記] 京都 都野菜 賀茂 烏丸店 京野菜吃到飽,/bbs/Japan_Travel/M.1712728506.A.A5F.html,1,s1494041
 4/10,[問題] 6月比叡山半日行程(東面上山的坂本纜車) ,/bbs/Japan_Travel/M.1712729278.A.16F.html,5,kiuyeah
 4/10,[資訊] 立山黑部,/bbs/Japan_Travel/M.1712729471.A.78E.html,5,zx33571163
 4/10,[問題] 新浦安到羽田機場利木津,/bbs/Japan_Travel/M.1712730395.A.FDE.html,5,Rou1121
 4/10,[讓售] 京都大阪觀光乘車券（鞍馬＆貴船地區）,/bbs/Japan_Travel/M.1712737051.A.15A.html,0,hp49
 4/10,[心得] 島波海道及山口六天五夜心得,/bbs/Japan_Travel/M.1712740233.A.4B9.html,9,TimeEric
 4/10,[問題] 佐賀行程請益,/bbs/Japan_Travel/M.1712741373.A.694.html,10,hansontest12
 4/10,[遊記] 四國親子行程-栗林公園/呆呆獸公園,/bbs/Japan_Travel/M.1712745382.A.5B2.html,1,zombierosa
 4/10,[問題] 福岡自由行 6日遊請益,/bbs/Japan_Travel/M.1712747087.A.6DD.html,7,ohyailoveyou
 4/10,[遊記] 浅草ロック座 怎麼變成歷史教室了...?,/bbs/Japan_Travel/M.1712747737.A.FCA.html,9,ahw12000
 4/10,[問題] 大阪JAF 台灣駕照換駕照翻譯本,/bbs/Japan_Travel/M.1712753007.A.174.html,6,pilistar0222
 4/10,[徵人] [吃飯] 4/12下午 東京一心たん助牛舌吃到,/bbs/Japan_Travel/M.1712753975.A.5FF.html,3,rockt123460
 4/10,[問題] 七天六夜行程請益（名古屋/高山/黑部立山,/bbs/Japan_Travel/M.1712754260.A.FA1.html,1,orangesmile
 4/10,[遊記]福島三春瀧櫻滿開,/bbs/Japan_Travel/M.1712755269.A.E1B.html,3,finderri
 4/10,[問題] 佐賀購買瓷器地點,/bbs/Japan_Travel/M.1712756342.A.63B.html,2,taco912059
 4/10,[讓售] 東京48小時地鐵券四張,/bbs/Japan_Travel/M.1712758657.A.F9F.html,0,hamk5202
 4/09,[問題] 熊本自駕五天四夜請益,/bbs/Japan_Travel/M.1712677114.A.928.html,3,chiungsuyi
 4/09,[住宿] 京都烏丸 Candeo 京都烏丸六角光芒飯店,/bbs/Japan_Travel/M.1712677648.A.0A6.html,2,elisa48
 4/09,[問題] 犬山城+岐阜城 一日遊請益,/bbs/Japan_Travel/M.1712678351.A.92A.html,4,renmax
 4/10,[問題] 北海道不自駕行程請益(札幌旭川網走),/bbs/Japan_Travel/M.1712682786.A.89B.html,5,meng0415
 4/10,[問題] 五天四夜京都大阪行程請益,/bbs/Japan_Travel/M.1712683245.A.9F6.html,8,wakeuplate
 4/10,[讓售] 天橋立2日觀光通票&京阪電鐵2日券 各兩張,/bbs/Japan_Travel/M.1712685868.A.A4C.html,0,OK8066889
 4/10,[遊記] 津山城夜櫻,/bbs/Japan_Travel/M.1712703941.A.ED6.html,2,peteryao
 4/10,[問題] 新倉山淺間公園開放時間,/bbs/Japan_Travel/M.1712704344.A.0AC.html,3,zekereric
 4/10,[讓售] 實體關西周遊卡KTP&京阪電車,/bbs/Japan_Travel/M.1712708502.A.B4B.html,1,azbxtim
 4/10,[徵人] 4/11 - 4/12 東京 澀谷,/bbs/Japan_Travel/M.1712710686.A.F99.html,0,kokone5566
 4/10,[問題] （已找到）行李箱在名古屋中部機場被拿錯,/bbs/Japan_Travel/M.1712711230.A.4C6.html,81,llyy4849ya
 4/10,[問題]  一月山陰行程建議,/bbs/Japan_Travel/M.1712711516.A.2B7.html,9,kiromomo168
 4/10,[問題] 河口湖租車，箱根還車請益,/bbs/Japan_Travel/M.1712713675.A.639.html,3,WANSHAN
 4/10,[問題] 名古屋五天攻城請益,/bbs/Japan_Travel/M.1712714022.A.12E.html,4,swxswxet
 4/10,[資訊] 中華航空打卡全球人人有折85折起,/bbs/Japan_Travel/M.1712717155.A.466.html,6,OhmoriHarumi
 4/10,[問題] 大阪道東複合8月親子行,/bbs/Japan_Travel/M.1712718147.A.8F3.html,2,brightest
 4/10,[遊記] 京都岡山廣島11天自由行(京都篇),/bbs/Japan_Travel/M.1712719465.A.17D.html,6,cadence
 4/09,[問題] 詢問車載行李的問題,/bbs/Japan_Travel/M.1712642297.A.D8C.html,12,flmamdt
 4/09,[問題] 請教怎麼知道自駕是否有違規,/bbs/Japan_Travel/M.1712643819.A.06F.html,15,airanfernee
 4/09,[問題] 交通票券Pass是否包含東京「大森海岸駅」,/bbs/Japan_Travel/M.1712649829.A.280.html,0,doggo
 4/09,[資訊] 星宇航空2024春季線上旅展,/bbs/Japan_Travel/M.1712650300.A.60A.html,7,OhmoriHarumi
 4/09,[住宿] JR九州ステーションホテル小倉,/bbs/Japan_Travel/M.1712654327.A.ECF.html,2,s91ad017
 4/09,[遊記] 清明樂桃來回都大延誤+富士山難民,/bbs/Japan_Travel/M.1712656745.A.033.html,26,jiajia0220
 4/09,[問題] 六天五夜夏季東京行程請益,/bbs/Japan_Travel/M.1712663848.A.7E6.html,6,dick929
 4/09,[遊記] 奈良 中川政七商店 鹿猿狐ビルヂング商場,/bbs/Japan_Travel/M.1712664205.A.543.html,0,TW00500203
 4/09,[問題] 關東(京濱)地區買agnès b.,/bbs/Japan_Travel/M.1712664837.A.779.html,3,AJCole
 4/09,[問題] 八天七夜九州自駕請益,/bbs/Japan_Travel/M.1712664873.A.34B.html,10,ameh2
 4/09,[問題] 八月北九州、廣島行程請益,/bbs/Japan_Travel/M.1712667142.A.C32.html,4,TS68
 4/09,[遊記] 四國親子行程-德島大步危,/bbs/Japan_Travel/M.1712669545.A.678.html,4,zombierosa
 4/09,[資訊] 北九州市 小倉城夜櫻,/bbs/Japan_Travel/M.1712672714.A.FB7.html,4,HIKONA
 4/09,[住宿] 静鉄ホテルプレジオ博多駅前,/bbs/Japan_Travel/M.1712672954.A.5C5.html,2,xe
 4/08,[問題] 仙台>銀山溫泉，山形站轉車問題,/bbs/Japan_Travel/M.1712584403.A.159.html,13,cateye0429
 4/08,[問題] 仙台到田代島(貓島)請益,/bbs/Japan_Travel/M.1712586496.A.225.html,3,ayachyan
 4/08,[問題] 6月北海道道東自駕行程,/bbs/Japan_Travel/M.1712588630.A.BA3.html,6,a3619453
 4/09,[遊記] 坐擁日本三大名橋及三大奇橋-錦帶橋散策,/bbs/Japan_Travel/M.1712597003.A.2CA.html,7,kenny53
 4/09,[讓售] (minnieo)2024/4/20早上8:00-10:00河內藤園,/bbs/Japan_Travel/M.1712604514.A.218.html,0,sinohara
 4/09,[遊記] 名古屋、高山孝親行(下),/bbs/Japan_Travel/M.1712606592.A.34A.html,18,zxc70227
 4/09,[遊記] 四國高松及德島親子行程-丸龜/琴平,/bbs/Japan_Travel/M.1712623908.A.0D6.html,0,zombierosa
 4/09,[資訊] 長榮航空2024春季線上旅展,/bbs/Japan_Travel/M.1712626881.A.F57.html,7,OhmoriHarumi
 4/09,[讓售] 東京72小時地鐵劵,/bbs/Japan_Travel/M.1712632006.A.C4D.html,2,alicka17
 4/09,[資訊] 泰國獅子航空小幅折扣優惠,/bbs/Japan_Travel/M.1712632921.A.D9F.html,3,OhmoriHarumi
 4/09,[資訊] 華航 福岡台北 延誤,/bbs/Japan_Travel/M.1712633371.A.89A.html,25,dpdp
 4/09,[問題] 6月北海道8天7夜請益,/bbs/Japan_Travel/M.1712634520.A.03C.html,4,benben021123
 4/09,[讓售] 東京48小時地鐵券兩張/已售出,/bbs/Japan_Travel/M.1712634549.A.112.html,0,Byakuyako
 4/09,[問題] 東京廣域卷預定指定取票地點問題,/bbs/Japan_Travel/M.1712636791.A.122.html,6,currygo
 4/09,[問題] 比叡山+琵琶湖一日遊,/bbs/Japan_Travel/M.1712638601.A.695.html,6,threeleaf
 4/08,[問題] APA 官網訂房失敗 詢問（已解決）,/bbs/Japan_Travel/M.1712555959.A.ECB.html,29,Daumesnil
 4/08,[問題] 請問札幌有類似kiddy land的店嗎?,/bbs/Japan_Travel/M.1712560305.A.452.html,2,hikari06
 4/08,[讓售] 京都大阪觀光乘車一日券(大阪地鐵版)二張,/bbs/Japan_Travel/M.1712560565.A.ACE.html,0,andyro28
 4/08,[問題] 8月底名古屋與北陸自駕行程,/bbs/Japan_Travel/M.1712561654.A.66F.html,2,redadol
 4/08,[問題] 大阪行程5天4夜請益,/bbs/Japan_Travel/M.1712563257.A.B12.html,4,qbenp
 4/08,[徵人] [旅伴] 5/19 大阪 關西kemoket 9獸展,/bbs/Japan_Travel/M.1712563903.A.ABC.html,0,jacky001ya
 4/08,[問題］東京燒肉可以一個人付兩個套餐的錢去吃嗎,/bbs/Japan_Travel/M.1712566847.A.2AB.html,33,ayongyyw
 4/08,[住宿] 金澤托里菲托飯店 TORIFITO KANAZAWA,/bbs/Japan_Travel/M.1712568590.A.16B.html,2,s1494041
 4/08,[問題] Iphone的西瓜卡失效吃錢??,/bbs/Japan_Travel/M.1712571919.A.D3E.html,2,MoominX
 4/08,[遊記] 2024清明連假東京櫻花滿開~~~,/bbs/Japan_Travel/M.1712574050.A.5B9.html,8,Tosca
 4/08,Fw: [遊記] 日本四國-德島機場,/bbs/Japan_Travel/M.1712576565.A.270.html,0,fatlee
 4/08,[遊記] 滿開週末東京賞櫻花(二日走訪12個賞櫻點),/bbs/Japan_Travel/M.1712577432.A.712.html,10,jiajia0220
 4/08,[遊記] 東京⑨天賞花(？)行Day1-2晴空塔豐洲台場,/bbs/Japan_Travel/M.1712577805.A.68B.html,3,ff760725
 4/08,[問題] 四月底名古屋7天6夜行程請益,/bbs/Japan_Travel/M.1712578950.A.DF9.html,7,kukukunew
 4/08,[問題] 東京煙火大會的選擇,/bbs/Japan_Travel/M.1712580210.A.349.html,13,ndhuwei
 4/08,[問題] 白川鄉濃飛巴士（未事先訂票）,/bbs/Japan_Travel/M.1712583348.A.F29.html,3,cotton757
 4/08,[問題] 4月北海道7天6夜行程請益,/bbs/Japan_Travel/M.1712506374.A.DE8.html,2,shineLove
 4/08,[問題]京都住宿區域請教 內有三選手,/bbs/Japan_Travel/M.1712507971.A.FEB.html,6,chu710806
 4/08,[問題] 北海道道央8月行程請益,/bbs/Japan_Travel/M.1712508230.A.EBE.html,3,orainge
 4/08,[問題] 福岡非最熱門景點請益,/bbs/Japan_Travel/M.1712508473.A.B91.html,33,emilylyh
 4/08,[問題] 環球影城快速通關,/bbs/Japan_Travel/M.1712511242.A.BEE.html,19,sherry0905
 4/08,[問題] 京都、大阪七日遊請益,/bbs/Japan_Travel/M.1712533263.A.584.html,6,blackjade
 4/08,[資訊] 樂桃 台北沖繩 延誤,/bbs/Japan_Travel/M.1712538456.A.1F1.html,6,newsnotti
 4/08,[遊記] 日本．富山．道の駅 雨晴(餐飲休息站),/bbs/Japan_Travel/M.1712543348.A.333.html,11,lutherwei
 4/08,[資訊] 虎航 台北岡山 延誤,/bbs/Japan_Travel/M.1712545158.A.72A.html,24,a206471
 4/08,[問題] 廣島路面電車的轉乘,/bbs/Japan_Travel/M.1712546065.A.1B5.html,4,setsuna16
 4/08,[問題] 宮島有本大飯店官網訂房問題,/bbs/Japan_Travel/M.1712547028.A.6C9.html,2,fullhouses
 4/08,[資訊] 廣島兔子島櫻花開,/bbs/Japan_Travel/M.1712550379.A.892.html,15,HIKONA
 4/08,[問題] 重度遠視的眼鏡去日本配好嗎？,/bbs/Japan_Travel/M.1712551330.A.03D.html,61,eythans
 4/08,[問題] 冬季旅遊 東北 vs 北海道,/bbs/Japan_Travel/M.1712553469.A.575.html,11,a5687920
 4/08,[問題] 環球影城,/bbs/Japan_Travel/M.1712553659.A.A09.html,26,onlycoolboy
 4/07,Re: [問題] 預約餐廳目的慶生,/bbs/Japan_Travel/M.1712480608.A.BFC.html,1,danisaku
 4/07,[遊記] 東京賞櫻5天4夜之旅,/bbs/Japan_Travel/M.1712480854.A.F3C.html,6,poppydawn
 4/07,[問題]  九州 福岡 柳川 熊本行程安排,/bbs/Japan_Travel/M.1712481989.A.2F0.html,23,shever0307
 4/07,[徵人] 4/24 東京吃飯,/bbs/Japan_Travel/M.1712490270.A.EBA.html,1,Zuoann
 4/07,[問題] 七月東京行程請益,/bbs/Japan_Travel/M.1712496891.A.35C.html,1,kiyora
 4/07,[問題] 九州賣新幹線周邊商品的地方,/bbs/Japan_Travel/M.1712497146.A.251.html,7,freshSN
 4/07,[贈送] 琉球溫泉 波之上の湯 朝食券 三張,/bbs/Japan_Travel/M.1712497674.A.868.html,5,JustinLYS
 4/07,[遊記] 橫濱大岡川櫻花步道,/bbs/Japan_Travel/M.1712499659.A.92B.html,1,Aeron
 4/07,[問題] 京阪5天4夜行程與住宿請益,/bbs/Japan_Travel/M.1712501591.A.5A1.html,1,kimicino
 4/07,[問題] 大阪自由行-行程請益,/bbs/Japan_Travel/M.1712501692.A.145.html,0,wangche
 4/07,[遊記] 4/5-7 吉野山/奈良市/姬路城 櫻花,/bbs/Japan_Travel/M.1712503040.A.69B.html,2,chrisbelieve
 4/07,[問題] 大阪西城區今池站附近現在治安如何呢？,/bbs/Japan_Travel/M.1712503198.A.58D.html,23,original6057
 4/07,[問題] 大阪京都六天五夜行程請益  (w/ 爸媽),/bbs/Japan_Travel/M.1712503250.A.4C6.html,2,annz
 4/07,[資訊] 櫻花 廣島城 西側滿開,/bbs/Japan_Travel/M.1712504520.A.157.html,1,HIKONA
 4/08,[問題] 4/23-29東京7日獨旅請益(順便徵飯友),/bbs/Japan_Travel/M.1712505781.A.C2C.html,3,firetiger
 4/06,[問題] 關西機場免稅店的堂島生乳捲/LETAO,/bbs/Japan_Travel/M.1712417850.A.D55.html,5,maxipin
 4/07,[遊記] 名古屋白鳥公園名城公園、平安神宮夜櫻,/bbs/Japan_Travel/M.1712420617.A.319.html,2,gentin
 4/07,[遊記] 井之頭公園！櫻花終於滿開啦！,/bbs/Japan_Travel/M.1712421206.A.CD2.html,3,King00044
 4/07,[問題] 河口湖箱根行程請益,/bbs/Japan_Travel/M.1712424838.A.87F.html,6,baphonter
 4/07,[問題] 預約餐廳目的慶生,/bbs/Japan_Travel/M.1712428586.A.3F8.html,6,nonomedicine
 4/07,[遊記] 大阪山中溪櫻花 海外遊客限定特別觀覽,/bbs/Japan_Travel/M.1712437090.A.46A.html,2,tapiocachan
 4/07,[問題] 九州自駕,/bbs/Japan_Travel/M.1712443617.A.D95.html,8,b3c4d5e6f789
 4/07,[問題] 美登利 vs 活美登利,/bbs/Japan_Travel/M.1712450410.A.9E1.html,8,honomi
 4/07,[問題] 沖繩 六天親子行程請益,/bbs/Japan_Travel/M.1712456181.A.9F7.html,10,haowen0425
 4/07,Re: [問題] 日本JR線指定席沒有劃位是否可以乘坐,/bbs/Japan_Travel/M.1712456864.A.C53.html,7,willieliu
 4/07,[問題] 北九州3天2夜行程詢問,/bbs/Japan_Travel/M.1712459033.A.C80.html,8,elastics
 4/07,[問題] 買票到河口湖可以在下吉田上車嗎？,/bbs/Japan_Travel/M.1712461626.A.A21.html,15,chiehjen
 4/07,[問題] 大阪六天五夜行程請益,/bbs/Japan_Travel/M.1712465794.A.357.html,21,s208168
 4/07,[遊記] 九州鐵道旅行 指宿玉手相&SL人吉,/bbs/Japan_Travel/M.1712473692.A.953.html,2,lumike0602
 4/07,[徵人] [共乘]4/25或4/26沖繩奧武島擼貓旅伴,/bbs/Japan_Travel/M.1712475604.A.AA6.html,0,cfemay
 4/07,[徵人] 4/17熊本來回高千穗阿蘇火山一日遊,/bbs/Japan_Travel/M.1712477686.A.5B5.html,4,kiian
 4/06,[資訊] 長崎高島(歷史與人文景點介紹),/bbs/Japan_Travel/M.1712363416.A.03C.html,0,k4851118
 4/06,[遊記] 絕美咖啡館-小樽北一硝子三號館-北一廳,/bbs/Japan_Travel/M.1712365452.A.B19.html,0,Guyinkt
 4/06,[問題] 河口湖兩天兩夜請益,/bbs/Japan_Travel/M.1712369229.A.752.html,11,zekereric
 4/06,[讓售] 東京地鐵24小時一日券1張,/bbs/Japan_Travel/M.1712375034.A.306.html,0,a9362654
 4/06,[資訊] 北九州市 小倉城櫻花滿開,/bbs/Japan_Travel/M.1712375196.A.F2F.html,3,HIKONA
 4/06,[讓售] willer express bus pass 一格,/bbs/Japan_Travel/M.1712377678.A.951.html,0,wdf332
 4/06,[讓售] 6/1 teamLab 無界：森大廈數字藝術美術館,/bbs/Japan_Travel/M.1712381356.A.3D3.html,0,jason5580
 4/06,[讓售] 實體卡關西周遊卡KTP 3日卡（剩1日）,/bbs/Japan_Travel/M.1712381645.A.EF8.html,0,iddee
 4/06,[資訊] 各間航空公司日本航線二月份載客率,/bbs/Japan_Travel/M.1712383045.A.5A6.html,98,eric00169
 4/06,[問題] 日本JR線指定席沒有劃位是否可以乘坐,/bbs/Japan_Travel/M.1712388683.A.30F.html,-10,jamesweb3
 4/06,[遊記] 被幸運之神眷顧的東京6日旅,/bbs/Japan_Travel/M.1712396141.A.DC2.html,15,YYYuMan
 4/06,[問題] 一人去洞爺的旅館選擇,/bbs/Japan_Travel/M.1712398053.A.864.html,10,ff760725
 4/06,[徵人] 4/12-4/16 大阪旅伴,/bbs/Japan_Travel/M.1712400108.A.E4F.html,1,forever408
 4/06,Re: [資訊] 羽田機場正在測試新的電子通關系統,/bbs/Japan_Travel/M.1712401511.A.D25.html,14,John771207
 4/06,[問題] 5天4夜日本東京行程請益,/bbs/Japan_Travel/M.1712408620.A.CD2.html,36,gilt3877
 4/06,[遊記] 騎腳踏車去川崎工廠夜景,/bbs/Japan_Travel/M.1712409654.A.B19.html,6,stone2020y
 4/06,[問題] 三春瀧櫻(三春滝桜)観桜料相關問題,/bbs/Japan_Travel/M.1712415051.A.D12.html,3,Midiya
 4/05,[讓售] 日本 Teamlab 豐洲 新型態美術館*4送2,/bbs/Japan_Travel/M.1712288536.A.006.html,0,ting128
 4/05,[問題] 河口湖跟下吉田會選哪個,/bbs/Japan_Travel/M.1712289589.A.70A.html,34,aeiou432
 4/05,[問題] NEX劃位時上車站顯示？,/bbs/Japan_Travel/M.1712289704.A.469.html,0,pzhao
 4/05,[問題] 六月大阪行程請益。,/bbs/Japan_Travel/M.1712290118.A.3ED.html,4,akeko
 4/05,[遊記] 帶爸媽遊北陸（金澤合掌村高山名古屋）,/bbs/Japan_Travel/M.1712310855.A.591.html,6,kaaeoo
 4/05,[問題] 請益九州七天六夜暑假親子自駕行程,/bbs/Japan_Travel/M.1712311224.A.89A.html,15,hsinyi319
 4/05,[遊記] 被萌暈的兔兔島-廣島大久野島一日遊,/bbs/Japan_Travel/M.1712312439.A.F51.html,8,kenny53
 4/05,[問題] 4月東京5天4夜獨旅行程請益,/bbs/Japan_Travel/M.1712316723.A.E6D.html,11,a81022620021
 4/05,[問題] 請問paypay在台灣可以用嗎？(已轉到mobilepay),/bbs/Japan_Travel/M.1712320600.A.733.html,17,tcypost
 4/05,[遊記] 福井 足羽川櫻花 正當時,/bbs/Japan_Travel/M.1712324518.A.7FF.html,3,rainman1025
 4/05,[遊記] 東京車站八重洲北口櫻花滿開,/bbs/Japan_Travel/M.1712325105.A.324.html,3,blockman
 4/05,[徵人] 5/16-5/21 京都+大阪 徵飯友,/bbs/Japan_Travel/M.1712327399.A.163.html,0,tealeaveslin
 4/05,[遊記] 九州佐賀關港-四國渡輪之旅,/bbs/Japan_Travel/M.1712328113.A.32A.html,5,vivienjim
 4/05,[問題] 4/8-4/12 東京賞櫻請教,/bbs/Japan_Travel/M.1712328353.A.A90.html,16,asashinoda
 4/05,[遊記] 岩國錦帶橋櫻花正開,/bbs/Japan_Travel/M.1712328992.A.51B.html,6,vivienjim
 4/05,[問題] 新倉富士淺間公園的停車場,/bbs/Japan_Travel/M.1712331224.A.AFC.html,6,kisia
 4/06,[問題] 黃金週 黑部立山 扇澤進 立山出,/bbs/Japan_Travel/M.1712333534.A.568.html,0,TDK56
 4/06,[讓售] KTP關西周遊卡2DAY PASS 實體票,/bbs/Japan_Travel/M.1712335716.A.D7C.html,0,miracle1010
 4/06,[遊記] 高知桂濱水族館-海龜海獅餵食,/bbs/Japan_Travel/M.1712337544.A.B9A.html,4,vivienjim
 4/04,[問題]沒法在綠色機器領取JR pass北陸,/bbs/Japan_Travel/M.1712212355.A.6EB.html,6,wooca
 4/04,Re: [資訊] 用樂天Sim 搭配 Viber 成功驗證ローチケ,/bbs/Japan_Travel/M.1712213587.A.315.html,26,wzmildf
 4/04,[問題] 請教大阪周遊券問題,/bbs/Japan_Travel/M.1712215753.A.F97.html,3,Maygelin
 4/04,[問題] 東京五月獨旅行程及住宿請益,/bbs/Japan_Travel/M.1712216857.A.65E.html,22,daladida
 4/04,[資訊] 淺草線人身事故,/bbs/Japan_Travel/M.1712220157.A.3C4.html,7,wolana
 4/04,[遊記] 脫逃社畜的東北迷你周遊,/bbs/Japan_Travel/M.1712220223.A.C4C.html,11,flutter8
 4/04,[分享] 3月LCC 24夏日本航點逐月均價統計,/bbs/Japan_Travel/M.1712221047.A.830.html,4,yhls
 4/04,Re: [問題] 請問最近札幌帝王蟹價格？,/bbs/Japan_Travel/M.1712223764.A.1C3.html,21,fantasywater
 4/04,[食記] 仙台 喜久水庵 ずんだスタンド,/bbs/Japan_Travel/M.1712228714.A.BF2.html,11,ms0204192
 4/04,[資訊] 最近去日本注意預防A型流感～,/bbs/Japan_Travel/M.1712231118.A.A76.html,28,fuweick
 4/04,[讓售] 文化之森御出掛通票,/bbs/Japan_Travel/M.1712235351.A.ED2.html,0,ariancu
 4/04,[問題] TEP pass使用問題,/bbs/Japan_Travel/M.1712235703.A.582.html,7,codoso
 4/04,[資訊] 捷星GK011飛不了了？,/bbs/Japan_Travel/M.1712235899.A.05C.html,6,amyyings
 4/04,[問題] 請問東京teamlab豐洲和麻布台二選一,/bbs/Japan_Travel/M.1712237641.A.EA4.html,15,dfll
 4/04,[徵人] ［旅伴］04/12-16 福島、仙台,/bbs/Japan_Travel/M.1712242073.A.BFF.html,0,ctsung
 4/04,[問題] 遇到盂蘭盆節的北九州、廣島行程請益,/bbs/Japan_Travel/M.1712244589.A.57B.html,5,jsy5291
 4/04,[問題] 名古屋、高山 行程請益,/bbs/Japan_Travel/M.1712245685.A.537.html,11,ggequalG
 4/05,[問題] 東京往松本的休息站,/bbs/Japan_Travel/M.1712249474.A.259.html,4,ennnnno
 4/05,福岡4/18-4/19,/bbs/Japan_Travel/M.1712254937.A.E32.html,0,b8310m1110
 4/05,[遊記] 五福旅遊不推，京阪惡夢之旅(文長慎入),/bbs/Japan_Travel/M.1712282180.A.51E.html,99,mojinkou
 4/03,[遊記] 島根-雲南 斐伊川堤防桜並木 2024/4/2,/bbs/Japan_Travel/M.1712103217.A.0A1.html,0,hotianba
 4/03,[問題] 沖繩機場因海嘯警報關閉,/bbs/Japan_Travel/M.1712108315.A.0C8.html,64,neverend19
 4/03,[問題] TTP快速通關申請，旅館跟電話輸入都一,/bbs/Japan_Travel/M.1712118341.A.D3C.html,5,asahi98
 4/03,[心得] 吉卜力公園的建議,/bbs/Japan_Travel/M.1712133871.A.CF1.html,13,Flyroach
 4/03,[問題] 沖繩過清明節都在下雨（哭,/bbs/Japan_Travel/M.1712135587.A.C5E.html,43,mastershot
 4/03,Re: [問題] 找旅行社訂機酒要注意,/bbs/Japan_Travel/M.1712135920.A.7ED.html,7,pupuliao
 4/03,[資訊] 台灣支付使用日本Paypay整理,/bbs/Japan_Travel/M.1712137005.A.083.html,23,cookie0215
 4/03,請問是否可以帶木製品回台灣,/bbs/Japan_Travel/M.1712145182.A.441.html,7,an00an
 4/03,[問題] 遺失手機有找到但不給拿怎辦？（已解決,/bbs/Japan_Travel/M.1712149565.A.8FE.html,10,likemisyou
 4/03,[問題] 板前壽司 海膽標籤被撕正常嗎？,/bbs/Japan_Travel/M.1712149708.A.8D5.html,16,xtorker
 4/03,[住宿] APA兩國車站大樓 飯店&渡假村,/bbs/Japan_Travel/M.1712155388.A.CED.html,9,s1494041
 4/03,[問題] 有人遇過Agoda線上客服不給按的嗎？,/bbs/Japan_Travel/M.1712155491.A.315.html,14,uwptd
 4/04,[遊記] 宮島．與自然共生的嚴島神社/海上鳥居,/bbs/Japan_Travel/M.1712161150.A.B1D.html,0,lirac
 4/04,[遊記] 宮島．表參道商店街＆退潮的美好午後,/bbs/Japan_Travel/M.1712162042.A.415.html,0,lirac
 4/04,[公告] 富士山攝影徵文～投票開始 (4/9 截止),/bbs/Japan_Travel/M.1712184144.A.E98.html,5,neval
 4/04,[問題] 大分轉乘至由布院,/bbs/Japan_Travel/M.1712188914.A.8DA.html,11,a608302000
 4/04,[讓售] Skyliner上野到成田機場KLOOL兌換券4張(,/bbs/Japan_Travel/M.1712191507.A.10E.html,0,monkeyy78
 4/04,[問題] 大阪周遭適合看海的地方,/bbs/Japan_Travel/M.1712205498.A.30E.html,41,ningyiyiyi
 4/04,[遊記] 沖繩美麗海水族館~大鯨鯊、海豚餵食秀,/bbs/Japan_Travel/M.1712206645.A.AD7.html,1,starsunny14
 4/02,[徵人] 福岡4/15-4/16 飯友,/bbs/Japan_Travel/M.1712033876.A.FD7.html,0,babecuteq
 4/02,[遊記] 2024中部、上高地、北陸獨旅。,/bbs/Japan_Travel/M.1712034237.A.A08.html,20,aria1226
 4/02,[食記] 札幌 壽喜燒 禪 黑毛和牛壽喜燒吃到飽,/bbs/Japan_Travel/M.1712034687.A.8C7.html,5,cheauwong
 4/02,[問題] 仙台山形5天4夜行程請益,/bbs/Japan_Travel/M.1712035130.A.460.html,26,lacseven
 4/02,[問題] 環球的奶油啤酒,/bbs/Japan_Travel/M.1712038821.A.E11.html,26,ilm76
 4/02,[問題] 沖繩超商沒有藍色包裝立頓奶茶了嗎？,/bbs/Japan_Travel/M.1712040348.A.087.html,6,Yeanfan
 4/02,[資訊] 近期箱根各景點與運輸工具之排隊狀況,/bbs/Japan_Travel/M.1712042918.A.A18.html,6,ff760725
 4/02,[心得] 利用JR中途下車制度 可稍微省點車錢,/bbs/Japan_Travel/M.1712046627.A.723.html,45,but
 4/02,Re: [資訊] JR東日本新幹線eチケット(E-TICKET)綁定簡介,/bbs/Japan_Travel/M.1712055332.A.CC8.html,3,enjoy727
 4/02,[遊記] 只見線朝聖-衝動性旅行的必要性,/bbs/Japan_Travel/M.1712056753.A.986.html,98,ffty02
 4/02,[問題] 東京橫濱清明節6天5夜行程,/bbs/Japan_Travel/M.1712062900.A.08E.html,10,ahw12000
 4/02,[問題] 北上展勝地回程到仙台,/bbs/Japan_Travel/M.1712066033.A.04D.html,4,fighters987
 4/02,[遊記] 瀨戶內海松山岡山繞一圈,/bbs/Japan_Travel/M.1712072843.A.FC6.html,7,waynewww
 4/03,[徵人] 環球影城 VIP 5/8hr 缺二湊票6/3,/bbs/Japan_Travel/M.1712074848.A.A22.html,0,evann
 4/03,[問題] 請問沖繩現在哪裡還買得到麝香葡萄呢？,/bbs/Japan_Travel/M.1712074856.A.7E4.html,13,out543out
 4/03,[徵人] ［旅伴］4/6-10大阪賞櫻奈良環球名古屋,/bbs/Japan_Travel/M.1712075004.A.616.html,0,andyboy419
 4/03,[讓售] 實體卡KTP關西周遊卡3日,/bbs/Japan_Travel/M.1712077269.A.080.html,0,tobin2005
 4/03,[資訊] 昇龍道.近鐵周遊券票價調漲,/bbs/Japan_Travel/M.1712082959.A.BE2.html,7,ys45689
 4/03,[遊記] 名古屋、高山孝親行(上),/bbs/Japan_Travel/M.1712082995.A.CB2.html,23,zxc70227
 4/03,[遊記] 北海道七天六夜chill之旅-洞爺湖,/bbs/Japan_Travel/M.1712086791.A.F97.html,0,shenlou
 4/01,[資訊] 4/10 日本刷街口(可能) 最高5%無上限,/bbs/Japan_Travel/M.1711972060.A.DFF.html,5,marosky
 4/01,[住宿] 東京 清澄白河 Comfort Hotel,/bbs/Japan_Travel/M.1711973317.A.6D7.html,8,key910067
 4/01,[遊記] 京都(清水寺、金閣寺、嵐山)大阪6日行,/bbs/Japan_Travel/M.1711977324.A.639.html,1,wimd
 4/01,[住宿] 博多無障礙住宿,/bbs/Japan_Travel/M.1711977564.A.6DA.html,6,gliparis
 4/01,[遊記] 奈良 奈良公園、東大寺、興福寺、猿沢池,/bbs/Japan_Travel/M.1711978903.A.162.html,0,TW00500203
 4/01,Re: [問題] 仙台的KOKO Hotel,/bbs/Japan_Travel/M.1711978991.A.9F5.html,0,rockx6man
 4/01,[資訊] 2024 青春18旅遊周遊券(青春18きっぷ) 仍會有夏冬版,/bbs/Japan_Travel/M.1711980827.A.AE2.html,2,JyJian
 4/01,[讓售] skyliner單程票2張（不限方向）,/bbs/Japan_Travel/M.1711986379.A.40B.html,2,lovelyworld
 4/01,[資訊] 4/1京都上京區-所有櫻花景點現況,/bbs/Japan_Travel/M.1711986851.A.3FE.html,12,CahoForever
 4/02,[公告] 113.04 實況回報 (含天氣/物候/穿著詢問),/bbs/Japan_Travel/M.1711992718.A.F6B.html,8,sinohara
 4/02,[問題] 黃金周（黑部立山、燕岳等）行程請益,/bbs/Japan_Travel/M.1712004760.A.191.html,5,mapotofu09
 4/02,[資訊] 東北新幹線仙台東京故障,/bbs/Japan_Travel/M.1712016081.A.501.html,11,hsinping
 4/02,[問題] 大阪京都行程請益,/bbs/Japan_Travel/M.1712019706.A.722.html,6,scimiter
 4/02,[遊記] 廣島：縮景園、廣島美術館、寶可夢中心,/bbs/Japan_Travel/M.1712022387.A.F8F.html,2,lirac
 4/02,[遊記] 廣島：原爆圓頂館、評價不一的紙鶴塔,/bbs/Japan_Travel/M.1712024917.A.10D.html,8,lirac
 4/02,[問題] 黃金周黑部立山停車問題請益,/bbs/Japan_Travel/M.1712027009.A.59F.html,4,BoazHT
 4/02,[問題] 4月底帶爸爸的東京河口湖行程請益,/bbs/Japan_Travel/M.1712030157.A.4FA.html,14,nilostnish
 4/02,[問題] 金澤行程請益,/bbs/Japan_Travel/M.1712031754.A.8CC.html,9,SELAHAK
 4/02,[問題] 京都八日遊行程請益(4/4~4/11),/bbs/Japan_Travel/M.1712033866.A.8B1.html,5,superjerry2
 4/01,[遊記] 札幌市推薦景點-圓山動物園，北海道神宮,/bbs/Japan_Travel/M.1711937687.A.010.html,0,Guyinkt
 4/01,[遊記] 岩原滑雪場，超寬超好滑！（20240203）,/bbs/Japan_Travel/M.1711942712.A.894.html,2,doggo
 4/01,[資訊] 泰國獅子航空小幅折扣優惠,/bbs/Japan_Travel/M.1711943608.A.BE6.html,0,OhmoriHarumi
 4/01,[問題]黃金週(高山、上高地、黑山立部)行程請益,/bbs/Japan_Travel/M.1711944957.A.A39.html,2,yaya
 4/01,[資訊] 大阪造幣局賞櫻 4/1加開預約,/bbs/Japan_Travel/M.1711945322.A.BFB.html,15,amgn997
 4/01,[閒聊] 不帶實體信用卡去日本玩,/bbs/Japan_Travel/M.1711945323.A.FDB.html,82,fbi369123456
 4/01,[問題] 用機器買新幹線車票，可以用ICOCA付款嗎?,/bbs/Japan_Travel/M.1711945337.A.56D.html,6,Midiya
 4/01,[問題] 臨時出發旅遊仙台、福岡之選擇,/bbs/Japan_Travel/M.1711945931.A.4E6.html,43,hunchu
 4/01,[問題] 搭access特急到淺草的問題,/bbs/Japan_Travel/M.1711946450.A.F29.html,18,t9592803
 4/01,[問題] ORIX 那霸機場接駁車問題,/bbs/Japan_Travel/M.1711947570.A.F17.html,7,anthology
 4/01,[問題] 東京購物辦免稅，店家叫我拍照的問題,/bbs/Japan_Travel/M.1711947840.A.BCE.html,10,ulasima19
 4/01,[問題] 北海道道央自駕6天5夜行程請益,/bbs/Japan_Travel/M.1711948248.A.105.html,9,chezJasmine
 4/01,Re: [閒聊] 不帶實體信用卡去日本玩,/bbs/Japan_Travel/M.1711953249.A.60C.html,42,haru9
 4/01,Re: [閒聊] 不帶實體信用卡去日本玩,/bbs/Japan_Travel/M.1711961255.A.BD9.html,6,assss
 4/01,[問題] 神戶三宮姬路再到關西機場的問題,/bbs/Japan_Travel/M.1711962275.A.252.html,9,drake99
 4/01,[問題] 請問booking訂房 實際入住人數少1可以嗎,/bbs/Japan_Travel/M.1711962943.A.FE1.html,22,chccang
 4/01,Re: 2024/3/23-3/30往返KIX訂票心得,/bbs/Japan_Travel/M.1711964259.A.B55.html,7,stanleyyeh
 4/01,[不推] 沖繩包車之 LINE的id：0966040978,/bbs/Japan_Travel/M.1711966358.A.B85.html,7,dadaismyself
 4/01,[問題] 挽肉與米 (京都)訂位取消，訂金是否會退,/bbs/Japan_Travel/M.1711970478.A.FFB.html,3,lingling0522
 4/01,[富士] 富士山一日遊,/bbs/Japan_Travel/M.1711900898.A.846.html,2,nhit2004
 4/01,[遊記] 四國香川2023紫雲出山賞櫻絕景,/bbs/Japan_Travel/M.1711902629.A.C50.html,1,pipicaca
 4/01,[食記] 肉の万世秋葉原本店 萬世麵店 排骨拉麵,/bbs/Japan_Travel/M.1711903927.A.E70.html,3,KCborz
 4/01,[問題]黃金週成田進茨城出行程請益,/bbs/Japan_Travel/M.1711905113.A.0D9.html,8,kid7963
 4/01,[問題] 請問有人買過klook skyliner+東京地鐵三,/bbs/Japan_Travel/M.1711905775.A.FFF.html,6,aspwell520
 4/01,[富士]從茨城環霞浦到山梨搖曳露營,/bbs/Japan_Travel/M.1711906994.A.850.html,35,gentin
 4/01,[問題] 求推薦黃金周可預約的秋葉原女僕咖啡廳,/bbs/Japan_Travel/M.1711910563.A.A98.html,7,rainkaras
 4/01,Re: [問題] 仙台的KOKO Hotel,/bbs/Japan_Travel/M.1711930606.A.DAD.html,1,lostheaven
 4/01,[富士] 天上山,/bbs/Japan_Travel/M.1711932031.A.6A6.html,8,juor2
 4/01,Re: [問題] first cabin 付款價差問題,/bbs/Japan_Travel/M.1711934600.A.F99.html,2,JCC
 4/01,[資訊] 熊本 健軍町 櫻花滿開2公里,/bbs/Japan_Travel/M.1711935550.A.775.html,1,HIKONA
 4/01,[遊記] 柳川遊船遇到男高音船伕,/bbs/Japan_Travel/M.1711935811.A.F66.html,8,h6351803
